table_id|column_id|label_id|label|column_data
dataset/Dataset/data/10159/table_1|1|169|язык|др. немецкий husili 
dataset/Dataset/data/10159/table_1|7|169|язык|исландский hus 
dataset/Dataset/data/10159/table_1|4|169|язык|др. английский hus 
dataset/Dataset/data/10159/table_1|2|169|язык|др. саксонский hus 
dataset/Dataset/data/10159/table_1|6|169|язык|шведский hus 
dataset/Dataset/data/10159/table_1|3|169|язык|готский hus 
dataset/Dataset/data/10159/table_1|8|169|язык|персидский chuse 
dataset/Dataset/data/10159/table_1|10|169|язык|др. французский gustel 
dataset/Dataset/data/10159/table_1|16|169|язык|коттский hush' 
dataset/Dataset/data/10159/table_1|17|169|язык|ассанский hush' 
dataset/Dataset/data/10159/table_1|14|169|язык|венгерский haz 
dataset/Dataset/data/10159/table_1|13|169|язык|испанский caza 
dataset/Dataset/data/10159/table_1|12|169|язык|испанский casa 
dataset/Dataset/data/10159/table_1|11|169|язык|латынь casa 
dataset/Dataset/data/10159/table_1|15|169|язык|имбатский hus' 
dataset/Dataset/data/108273/table_2|3|169|язык|Зулу (Zulu) − Альфа (Alpha) Браво (Bravo) Чарли (Charlie) Дельта (Delta) Эхо (Echo) Фокстрот (Foxtrot) Гольф (Golf) Хотел (Hotel) Индия (India) Кило (Kilo) Лима (Lima) Майк (Mike) Новембер (November) Оскар (Oscar) Папа (Papa) Квебек (Quebec) Ромео (Romeo) Сьерра (Sierra) Танго (Tango) Юниформ (Uniform) Виктор (Victor) Виски (Whiskey) Икс-рэй (X-ray) Янки (Yankee) 
dataset/Dataset/data/11148/table_1|10|169|язык|др. французский gustel 
dataset/Dataset/data/11148/table_1|15|169|язык|имбатский hus' 
dataset/Dataset/data/11148/table_1|6|169|язык|шведский hus 
dataset/Dataset/data/11148/table_1|8|169|язык|персидский chuse 
dataset/Dataset/data/11148/table_1|13|169|язык|испанский caza 
dataset/Dataset/data/11148/table_1|16|169|язык|коттский hush' 
dataset/Dataset/data/11148/table_1|11|169|язык|латынь casa 
dataset/Dataset/data/11148/table_1|12|169|язык|испанский casa 
dataset/Dataset/data/11148/table_1|17|169|язык|ассанский hush' 
dataset/Dataset/data/11148/table_1|7|169|язык|исландский hus 
dataset/Dataset/data/11148/table_1|14|169|язык|венгерский haz 
dataset/Dataset/data/11148/table_1|5|169|язык|датский hus 
dataset/Dataset/data/11148/table_1|9|169|язык|иврит chesui 
dataset/Dataset/data/11148/table_1|0|169|язык|др. немецкий hus 
dataset/Dataset/data/11148/table_1|1|169|язык|др. немецкий husili 
dataset/Dataset/data/11148/table_1|3|169|язык|готский hus 
dataset/Dataset/data/11148/table_1|4|169|язык|др. английский hus 
dataset/Dataset/data/11148/table_1|2|169|язык|др. саксонский hus 
dataset/Dataset/data/1121100/table_0|4|169|язык|Арабский Английский Португальский Французский Английский, сетсвана Французский Кирунди, французский Французский Английский Английский Французский Португальский Арабский, французский Арабский Английский Английский Португальский Английский, французский Испанский Английский, суахили Арабский, коморский, французский Французский Французский Французский Английский, сесото Английский Арабский Креольский Арабский Малагасийский, французский Португальский Французский Английский, Чичева Французский Арабский Испанский Португальский Английский Французский Английский Французский Английский, руанда, французский, Португальский Арабский Английский Английский, креольский, французский Французский Испанский Сомали, арабский Сомали, арабский Арабский Английский Суахили, английский Французский Арабский Английский, суахили Санго, французский Арабский, французский Испанский, французский Арабский, тигринья Английский, свати Амхарский Африкаанс, английский, венда, зулу, коса, ндебеле, северный сото, свати, сесото, тсвана и тсонга Английский 
dataset/Dataset/data/121508/table_2|3|169|язык|Зулу (Zulu) − Альфа (Alpha) Браво (Bravo) Чарли (Charlie) Дельта (Delta) Эхо (Echo) Фокстрот (Foxtrot) Гольф (Golf) Хотел (Hotel) Индия (India) Кило (Kilo) Лима (Lima) Майк (Mike) Новембер (November) Оскар (Oscar) Папа (Papa) Квебек (Quebec) Ромео (Romeo) Сьерра (Sierra) Танго (Tango) Юниформ (Uniform) Виктор (Victor) Виски (Whiskey) Икс-рэй (X-ray) Янки (Yankee) 
dataset/Dataset/data/1230847/table_2|3|169|язык|Датский Исландский Норвежский Латышский Литовский Финский;шведский Шведский Эстонский 
dataset/Dataset/data/1271984/table_1|4|169|язык|Gizonak mutila ikusi du. gizon-а-k мужчина-ОПР-ERG A ‘Мужчина увидел мальчика’. 
dataset/Dataset/data/1271984/table_1|1|169|язык|Gizona etorri da. gizon-а Мужчина-ОПР ABS S ‘Мужчина прибыл’. 
dataset/Dataset/data/1271984/table_1|0|169|язык|Предложение: Слова: Дословный перевод: Актанты: Перевод: 
dataset/Dataset/data/1271984/table_1|2|169|язык|Gizona etorri da. etorri da прибыл Глаголнеперех ‘Мужчина прибыл’. 
dataset/Dataset/data/1271984/table_1|6|169|язык|Gizonak mutila ikusi du. ikusi du увидел Глаголперех ‘Мужчина увидел мальчика’. 
dataset/Dataset/data/1271984/table_1|5|169|язык|Gizonak mutila ikusi du. mutil-a мальчик-ОПР ABS O ‘Мужчина увидел мальчика’. 
dataset/Dataset/data/12742/table_0|1|169|язык|Абхазский Литературный Центральные диалекты Бикольский Бирманский Русский Рутульский Себуанский Чаморро (язык) Лезгинский Мегрельский Ингушский и чеченский Чешский Датский Голландский Кокни Американский английский Нормативное произношение Финский северные диалекты немецкого Гуарани (язык) Иврит Выруский 
dataset/Dataset/data/12742/table_0|0|169|язык|Абхазский Арабский Арабский Бикольский Бирманский Русский Рутульский Себуанский Чаморро (язык) Лезгинский Мегрельский Ингушский и чеченский Чешский Датский Голландский Английский Английский Английский Финский Немецкий Гуарани (язык) Иврит Выруский 
dataset/Dataset/data/1305720/table_0|0|169|язык|Кабардино-черкесский Калмыцкий Монгольский Зулусский 
dataset/Dataset/data/1314371/table_0|1|169|язык|Диалект лебанг Келе Пираха Ниасский 
dataset/Dataset/data/1314371/table_0|0|169|язык|Нгве Келе Пираха Ниасский 
dataset/Dataset/data/1530086/table_1|2|169|язык|Болгарский язык Датский язык Итальянский язык Мальтийский язык Польский язык Словацкий язык Французский язык Шведский язык 
dataset/Dataset/data/1530086/table_1|0|169|язык|Английский язык Греческий язык Испанский язык Литовский язык Нидерландский язык Румынский язык Финский язык Чешский язык 
dataset/Dataset/data/1530086/table_1|4|169|язык|Венгерский язык Ирландский язык Латышский язык Немецкий язык Португальский язык Словенский язык Хорватский язык Эстонский язык 
dataset/Dataset/data/1530099/table_1|0|169|язык|Английский язык Греческий язык Испанский язык Литовский язык Нидерландский язык Румынский язык Финский язык Чешский язык 
dataset/Dataset/data/1530099/table_1|2|169|язык|Болгарский язык Датский язык Итальянский язык Мальтийский язык Польский язык Словацкий язык Французский язык Шведский язык 
dataset/Dataset/data/1530099/table_1|4|169|язык|Венгерский язык Ирландский язык Латышский язык Немецкий язык Португальский язык Словенский язык Хорватский язык Эстонский язык 
dataset/Dataset/data/1530104/table_1|4|169|язык|Венгерский язык Ирландский язык Латышский язык Немецкий язык Португальский язык Словенский язык Хорватский язык Эстонский язык 
dataset/Dataset/data/1530104/table_1|2|169|язык|Болгарский язык Датский язык Итальянский язык Мальтийский язык Польский язык Словацкий язык Французский язык Шведский язык 
dataset/Dataset/data/1530104/table_1|0|169|язык|Английский язык Греческий язык Испанский язык Литовский язык Нидерландский язык Румынский язык Финский язык Чешский язык 
dataset/Dataset/data/1530139/table_1|2|169|язык|Болгарский язык Датский язык Итальянский язык Мальтийский язык Польский язык Словацкий язык Французский язык Шведский язык 
dataset/Dataset/data/1530139/table_1|0|169|язык|Английский язык Греческий язык Испанский язык Литовский язык Нидерландский язык Румынский язык Финский язык Чешский язык 
dataset/Dataset/data/1530139/table_1|4|169|язык|Венгерский язык Ирландский язык Латышский язык Немецкий язык Португальский язык Словенский язык Хорватский язык Эстонский язык 
dataset/Dataset/data/1534691/table_0|0|169|язык|Кантонский язык Путунхуа 
dataset/Dataset/data/1591036/table_0|1|169|язык|Иврит Французский Южный овернский диалект Восточные диалекты Лимузенский диалект Провансальский диалект Европейский Влашская и балканская группа диалектов Лакота Южные диалекты 
dataset/Dataset/data/1591036/table_0|0|169|язык|Иврит Французский Окситанский Окситанский Окситанский Окситанский Португальский Цыганский Сиу Шведский 
dataset/Dataset/data/163544/table_0|0|169|язык|русский украинский другие 
dataset/Dataset/data/1653498/table_2|2|169|язык|ကို (kò) ညီ (ɲì) မောင် (màʊɴ) မ (ma̰) ညီမ (ɲì ma̰) 
dataset/Dataset/data/1653662/table_0|1|169|язык|29 августа, 1995 года Stage 01: Angel Attack Stage 02: Reunion Stage 03: Unit-01, Lift Off Stage 04: Silence… Stage 05: Angel Fire Stage 06: I…Cry… 5 марта, 1996 года Stage 07: Closing Hearts Stage 08: Shinji’s Bad Mood Stage 09: The Trials of a True Fan Stage 10: Shōnen and Knife Stage 11: Third Child Wandering Stage 12: Fumbling Towards Kindness 29 октября, 1996 года Stage 13: White Scars Stage 14: The Warped Room Stage 15: What Her Crimson Eyes Believe In Stage 16: Abandoned Memories Stage 17: The Night Before Battle Stage 18: Blood Battle Stage 19: The Moon Inside the Darkness 17 октября, 1997 года Stage 20: Asuka Comes to Japan Stage 21: The Uninvited Stage 22: Asuka Attacks Stage 23: Try, Try Again Stage 24: Dissonance Stage 25: Shall We Dance? Stage 26: One Moment, One Heart 17 декабря, 1999 года Stage 27: The Party Stage 28: Reaching that scar Stage 29: Sepulcher Stage 30: Blackout Stage 31: It resists the g-shock Stage 32: The abyss of the truth Stage 33: Aquarium 15 декабря, 2000 года Stage 34: The Fourth Child Stage 35: Light, Then Shadow Stage 36: Confessions Stage 37: The Gift Stage 38: Ambush Stage 39: The Dummy System Stage 40: Staining the Twilight Black 1 декабря, 2001 года Stage 41: Fist Stage 42: Grey Sky Stage 43: Interrogation Stage 44: Atonement Stage 45: A Man’s Battle Stage 46: Awakening Stage 47: Awakening Part 2 Stage 48: Vanished 19 декабря, 2002 года Stage 49: Kiss Stage 50: To Within (One’s) Heart Stage 51: Mother Stage 52: Reminiscence Stage 53: Giant of Light Stage 54: The Birth of Nerv Stage 55: Message Stage 56: Jealousy 23 апреля, 2004 года Stage 57: Fifth Children Stage 58: Rejection Stage 59: Pride Stage 60: Doll Stage 61: Lance of Longinus Stage 62: Distance Stage 63: Battle Response 23 марта, 2006 года Stage 64: Tears Stage 65: I Want to Become One (with You) Stage 66: Hearts Unfulfilled (Feelings not Conveyed) Stage 67: Twisted/Perverse Night Stage 68: Crossing/Complex/Entangled Stage 69: Tainted Blood Stage 70: Multitudes of Nothingness 19 июня, 2007 года Stage 71: Descendant of Adam Stage 72: The Last Messenger Stage 73: Reaching the Boundary Stage 74: Memories Within my Palm Stage 75: Broken Heart Stage 76: Final Enemy 3 апреля, 2010 года 2 ноября, 2012 года 20 ноября, 2014 года 
dataset/Dataset/data/1653662/table_0|2|169|язык|ISBN 4-04-713115-6 Данный том публиковался в журнале Shonen Ace с февраля 1995 года по июль 1995 года ISBN 4-04-713132-6 Данный том публиковался в журнале Shonen Ace с августа 1995 года по февраль 1996 года ISBN 4-04-713165-2 Данный том публиковался в журнале Shonen Ace в 1996 году, в мартовском выпуске и с мая по октябрь ISBN 4-04-713197-0 Данный том публиковался в журнале Shonen Ace в 1997 году, в январе, марте и с мая по сентябрь ISBN 4-04-713311-6 Данный том публиковался в журнале Shonen Ace в 1998 году, в январе, марте, мае и в 1999 году с июля по октябрь ISBN 4-04-713380-9 Данный том публиковался в журнале Shonen Ace в декабре 1999 года, с февраля по апрель 2000 года и с июля по ноябрь 2000 года ISBN 4-04-713469-4 Данный том публиковался в журнале Shonen Ace в 2001 году в январе, феврале, с мая по август и с октября по декабрь ISBN 4-04-713529-1 Данный том публиковался в журнале Shonen Ace в 2002 году с февраля по апрель, а также в июне, июле и с сентября по ноябрь ISBN 4-04-713618-2 Данный том публиковался в журнале Shonen Ace в 2003 году в феврале, апреле, июне, сентябре, ноябре и декабре. Публикация завершилась в 2004 году, в февральском выпуске журнала ISBN 4-04-713800-1 Данный том публиковался в журнале Shonen Ace в 2005 году в феврале, апреле, июне, августе, октябре и декабре. Публикация завершилась в январе 2006 года ISBN 4-04-713934-3 Данный том публиковался в журнале Shonen Ace в 2006 году в июне, августе, октябре и декабре. Также он публиковался в том же журнале в 2007 году, с января по март ISBN 978-4-04-715420-9 ISBN 978-4-04-120355-2 ISBN 978-4-04-101931-3 
dataset/Dataset/data/1771337/table_0|0|169|язык|Казахский Нидерландский Английский Французский Немецкий Ирландский Немецко-платский диалект Португальский Норвежский Русский Шотландский Сицилийский Шведский Украинский Вьетнамский 
dataset/Dataset/data/1771618/table_1|1|169|язык|Ангорский Стандартный арабский Нидерландский GA RP Финский Французский Грузинский Немецкий Венгерский Навахо Норвежский Немецко-платский диалект Русский Чувашский Шведский 
dataset/Dataset/data/1771618/table_1|0|169|язык|Ангорский Арабский Нидерландский Английский Английский Финский Французский Грузинский Немецкий Венгерский Навахо Норвежский Немецко-платский диалект Русский Чувашский Шведский 
dataset/Dataset/data/1787132/table_1|1|169|язык|каталанский голландский австралийский североамериканский фарерский французский украинский чувашский грузинский немецкий венгерский итальянский корейский норвежский польский португальский русский литовский латышский шведский вьетнамский язык 
dataset/Dataset/data/1787132/table_1|0|169|язык|каталанский голландский английский английский фарерский французский украинский чувашский грузинский немецкий венгерский итальянский корейский норвежский польский португальский русский литовский латышский шведский вьетнамский язык 
dataset/Dataset/data/1833856/table_0|0|169|язык|Испанский 
dataset/Dataset/data/204860/table_0|1|169|язык|合羽 お転婆 アルバイト ／ バイト アベック アジト アフターサービス 
dataset/Dataset/data/204860/table_0|4|169|язык|Португальский Голландский Немецкий Французский Русский Английский 
dataset/Dataset/data/2184745/table_1|3|169|язык|английский английский русский английский русский русский английский английский английский английский французский английский, русский английский удмуртский английский английский английский английский итальянский английский английский русский русский русский русский 
dataset/Dataset/data/2208614/table_2|5|169|язык|Пушту и Дари Бенгальский Дзонг-кэ и английский Хинди и английский Дивехи Непальский Урду и Английский Сингальский и тамильский 
dataset/Dataset/data/2208614/table_5|5|169|язык|Малайский Вьетнамский Индонезийский Кхмерский Лаосский Малайский Мьянманский Английский, китайский, малайский и тамильский Тайский Тетум и португальский Тагалог, испанский и английский 
dataset/Dataset/data/2208903/table_0|2|169|язык|Английский Английский Английский Английский Гаитянский креольскийи французский Испанский Испанский Английский Английский Испанский Английский и французский Испанский Испанский Испанский (де-факто) Испанский Испанский Испанский Английский Английский Английский Английский (де-факто) Английский Английский 
dataset/Dataset/data/2235099/table_1|3|169|язык|французский английский английский 
dataset/Dataset/data/2236201/table_0|1|169|язык|c. a k. – císařský a královský c.k. – císařsko-královský král. uher. – královský uherský 
dataset/Dataset/data/2236201/table_0|3|169|язык|C. i K. – Cesarski i Królewski C. K. – cesarsko-królewski królewski węgierski 
dataset/Dataset/data/2236201/table_0|5|169|язык|c. i. kr. – carski i kraljevski c. kr. – carsko kraljevsko kr. ug. – kraljevsko ugarsko 
dataset/Dataset/data/2236201/table_0|0|169|язык|k. u. k. k. k. k. u. 
dataset/Dataset/data/2236201/table_0|6|169|язык|ц. і кор. — цісарський і королівський ц. кор. — цісарсько-королівський уг. кор. — угорський королівський 
dataset/Dataset/data/2236201/table_0|4|169|язык|c. in kr. – cesarski in kraljevski c. kr. – cesarsko-kraljevski 
dataset/Dataset/data/2236201/table_0|2|169|язык|cs. és kir. – császári és királyi cs. kir. – császári-királyi m. kir. – magyar királyi 
dataset/Dataset/data/2328074/table_0|0|169|язык|Вилейское Заславское («Минское море») Краснослободское Солигорское Любанское Чигиринское Погост Локтыши Осиповичское 
dataset/Dataset/data/2328074/table_0|1|169|язык|Вілейскае Заслаўскае Чырвонаслабодскае Салігорскае Любанскае Чыгірынскае Пагост Лактышы Асіповіцкае 
dataset/Dataset/data/2336486/table_1|0|169|язык|Албанский Турецкий Сербский Цыганский Арумынский 
dataset/Dataset/data/2357419/table_0|2|169|язык|русский азербайджанский армянский немецкий татарский татский русский армянский азербайджанский курдский русский белорусский идиш польский русский грузинский азербайджанский армянский ассирийский русский казахский корейский немецкий уйгурский русский киргизский дунганский узбекский русский латышский русский литовский польский русский молдавский русский русский таджикский узбекский русский туркменский азербайджанский фарси русский узбекский еврейско-таджикский казахский крымскотатарский таджикский уйгурский русский украинский украинский русский идиш болгарский идиш немецкий польский русский эстонский 
dataset/Dataset/data/237743/table_0|1|169|язык|Английский Французский Немецкий Итальянский Испанский Португальский Русский Арабский Турецкий Фарси Польский Украинский Греческий Венгерский Грузинский Албанский 
dataset/Dataset/data/2404965/table_1|1|169|язык|современный стандартный арабский восточный баскский баскский бирманский каталанский северные диалекты чешский датский голландский английский фарерский финский французский галисийский грузинский немецкий афинский диалект хинди венгерский итальянский японский корейский мальтийский норвежский гасконский лангедокский лимузенский осетинский польский португальский русский словацкий Латиноамериканский Европейский тода турецкий чувашский вьетнамский 
dataset/Dataset/data/2404965/table_1|0|169|язык|арабский армянский баскский баскский бирманский каталанский китайский чешский датский голландский английский фарерский финский французский галисийский грузинский немецкий греческий хинди венгерский итальянский японский корейский мальтийский норвежский окситанский окситанский окситанский осетинский польский португальский русский словацкий испанский испанский тода турецкий чувашский вьетнамский 
dataset/Dataset/data/2404977/table_1|1|169|язык|каталанский голландский австралийский североамериканский фарерский французский украинский чувашский грузинский немецкий венгерский итальянский корейский норвежский польский португальский русский литовский латышский шведский вьетнамский язык 
dataset/Dataset/data/2404977/table_1|0|169|язык|каталанский голландский английский английский фарерский французский украинский чувашский грузинский немецкий венгерский итальянский корейский норвежский польский португальский русский литовский латышский шведский вьетнамский язык 
dataset/Dataset/data/2405979/table_0|1|169|язык|Азербайджанский Кантонский (Юэ) Северные диалекты Датский Фарерский Французский Немецкий Венгерский Лори Исландский Норвежский Овернский Лимузенский Шведский Турецкий Западноломбардское наречие 
dataset/Dataset/data/2405979/table_0|0|169|язык|Азербайджанский Китайский Китайский Датский Фарерский Французский Немецкий Венгерский Лори Исландский Норвежский Окситанский Окситанский Шведский Турецкий Западноломбардское наречие 
dataset/Dataset/data/2445239/table_0|4|169|язык|དྒེ་འདུན་འགྲུབ་dge ‘dun ‘grub དགེ་འདུན་རྒྱ་མཚོ་dge ‘dun rgya mtsho བསོད་ནམས་རྒྱ་མཚོ་bsod nams rgya mtsho ཡོན་ཏན་རྒྱ་མཚོ་yon tan rgya mtsho བློ་བཟང་རྒྱ་མཚོ་blo bzang rgya mtsho ཚང་དབྱངས་རྒྱ་མཚོ་tshang dbyangs rgya mtsho བསྐལ་བཟང་རྒྱ་མཚོ་bskal bzang rgya mtsho བྱམས་སྤེལ་རྒྱ་མཚོ་byams spel rgya mtsho ལུང་རྟོགས་རྒྱ་མཚོ་lung rtogs rgya mtsho ཚུལ་ཁྲིམ་རྒྱ་མཚོ་tshul khrim rgya mtsho མཁས་གྲུབ་རྒྱ་མཚོ་mkhas grub rgya mtsho འཕྲིན་ལས་རྒྱ་མཚོ་‘phrin las rgya mtsho ཐུབ་བསྟན་རྒྱ་མཚོ་thub bstan rgya mtsho བསྟན་འཛིན་རྒྱ་མཚོ་bstan ‘dzin rgya mtsho 
dataset/Dataset/data/2497139/table_2|1|169|язык|Украинский Русский Венгерский Немецкий Белорусский Словацкий Армянский Цыганский Молдавский Румынский Еврейский Польский Болгарский другие Всего 
dataset/Dataset/data/251405/table_0|3|169|язык|RU, KZ, EN 
dataset/Dataset/data/251405/table_0|2|169|язык|RU, KZ 
dataset/Dataset/data/2516867/table_1|1|169|язык|Арабский Кантонский Северные диалекты Английский Фарерский Квебекский Немецкий Европейский Бразильский Русский Шведский Вьетнамский 
dataset/Dataset/data/2516867/table_1|0|169|язык|Арабский Китайский Китайский Английский Фарерский Французский Немецкий Португальский Португальский Русский Шведский Вьетнамский 
dataset/Dataset/data/2534316/table_0|1|169|язык|нидерландский двуязычный французский нидерландский нидерландский нидерландский французский французский французский нидерландский французский 
dataset/Dataset/data/2719668/table_2|2|169|язык|4 марта 2010 годаISBN 978-4-08-870011-3 30 апреля 2010 годаISBN 978-4-08-870033-5 4 августа 2010 годаISBN 978-4-08-870084-7 4 ноября 2010 годаISBN 978-4-08-870126-4 29 декабря 2010 годаISBN 978-4-08-870143-1 21 апреля 2011 годаISBN 978-4-08-870185-1 3 июня 2011 годаISBN 978-4-08-870218-6 4 августа 2011 годаISBN 978-4-08-870271-1 4 ноября 2011 годаISBN 978-4-08-870302-2 3 февраля 2012 годаISBN 978-4-08-870368-8 
dataset/Dataset/data/2719668/table_2|3|169|язык|Планируется к выпуску Планируется к выпуску Планируется к выпуску Планируется к выпуску Планируется к выпуску Планируется к выпуску Планируется к выпуску Планируется к выпуску Планируется к выпуску Планируется к выпуску 
dataset/Dataset/data/2748495/table_1|8|169|язык|Hana Maþelode Hrycg 
dataset/Dataset/data/2754225/table_0|2|169|язык|4 января 2007 годаISBN 978-4-08-874312-7 4 июня 2007 годаISBN 978-4-08-874374-5 4 февраля 2008 годаISBN 978-4-08-874483-4 2 апреля 2008 годаISBN 978-4-08-874517-6 3 октября 2008 годаISBN 978-4-08-874584-8 4 февраля 2009 годаISBN 978-4-08-874636-4 4 июня 2009 годаISBN 978-4-08-874678-4 2 октября 2009 годаISBN 978-4-08-874743-9 4 февраля 2010 годаISBN 978-4-08-870006-9 4 июня 2010 годаISBN 978-4-08-870039-7 4 октября 2010 годаISBN 978-4-08-870120-2 21 апреля 2011 годаISBN 978-4-08-870198-1 4 ноября 2011 годаISBN 978-4-08-870334-3 
dataset/Dataset/data/2754225/table_0|3|169|язык|1 сентября 2009 годаISBN 978-1-4215-2913-4 2 марта 2010 годаISBN 978-1-4215-2950-9 7 сентября 2010 годаISBN 978-1-4215-2951-6 1 февраля 2011 годаISBN 978-1-4215-2952-3 3 мая 2011 годаISBN 978-1-4215-3180-9 — — — — — — — — 
dataset/Dataset/data/2785788/table_0|1|169|язык|Эга Фула гоэмаи Хауса Ямайский Калабари Каража Кхмерский Моно Онгота Серер Синдхи Тера Туканг Беси Вьетнамский 
dataset/Dataset/data/2785788/table_0|0|169|язык|Эга Фула гоэмаи Хауса Ямайский Калабари Каража Кхмерский Моно Онгота Серер Синдхи Тера Туканг Беси Вьетнамский 
dataset/Dataset/data/285028/table_0|0|169|язык|Абхазский Африкаанс Алеутский Арабский Аварский Восточноармянский Чилкотин Чувашский Голландский Эякский Французский Немецкий Рутульский Хайда Иврит Кабардино-черкесский Кабильский Клаллам Лезгинский Oowekyala Не-персе Португальский Саанич Сери Испанский Тлингитский Убыхский Идиш 
dataset/Dataset/data/285028/table_0|1|169|язык|Абхазский Африкаанс Диалект Аткан Ṣan‘ā’ni Аварский Восточноармянский Чилкотин Чувашский Северные диалекты Эякский Французский Немецкий Рутульский Хайда Иврит Кабардино-черкесский Кабильский Клаллам Лезгинский Oowekyala Не-персе Бразильский португальский Саанич Сери Испанский Тлингитский Убыхский Идиш 
dataset/Dataset/data/2940414/table_0|0|169|язык|Абхазский Аварский Армянский, Ереванский диалект Арчинский Годоберинский Осетинский Хауса 
dataset/Dataset/data/2940414/table_0|1|169|язык|Абхазский Армянский, Ереванский диалект Арчинский Осетинский Хауса 
dataset/Dataset/data/304585/table_1|4|169|язык|Списокпольск. 2003лит. 2004нем. 2005чеш. 2005нидерл. 2006фр. 2006англ. 2006польск. 2006англ. 2006фр. 2007англ. 2007венг. 2007польск. 2007кит. 2007нем. 2008эст. 2008болг. 2008тай. 2009фин. 2012польск. 2014кит. 2014 Списокпольск. 2004чеш. 2005лит. 2006нем. 2006англ. 2006польск. 2006фр. 2007англ. 2007венг. 2007нем. 2008англ. 2008польск. 2008болг. 2009эст. 2010фин. 2013польск. 2014кит. 2014 Списокчеш. 2005нем. 2006польск. 2007англ. 2007англ. 2007англ. 2007нем. 2008англ. 2008фр. 2008венг. 2008фин. 2014польск. 2014кит. 2014 Списокчеш. 2006нем. 2007польск. 2007болг. 2007англ. 2008англ. 2009англ. 2009венг. 2009польск. 2014кит. 2014 Списокпольск. 2014кит. 2014 Списокпольск. 2015англ. 2016 
dataset/Dataset/data/304585/table_6|4|169|язык|Списокпольск. 2002болг. 2002эст. 2005чеш. 2007польск. 2009болг. 2009нем. 2010 Списокчеш. 2008польск. 2009 
dataset/Dataset/data/3070160/table_0|1|169|язык|Панджаби Сирайки Хиндко Пушту Синдхи Урду Белуджский Брауи Кашмири Прочие языки 
dataset/Dataset/data/3130334/table_0|1|169|язык|Mary E. Craigie Arthur E. Bostwick Frank P. Hill Milton J. Ferguson Francis R. St. John John Ames Humphry John C Frantz Kenneth Farnham Duchac Larry Brandwein Martin Gomez Ginnie Cooper Dionne Mack-Harvin 
dataset/Dataset/data/321051/table_0|1|169|язык|Энинтиляква Хинди Каннада Малаялам Норвежский Шведский Тамильский Пушту Телугу 
dataset/Dataset/data/321051/table_0|0|169|язык|Энинтиляква Хинди Каннада Малаялам Норвежский Шведский Тамильский Пушту Телугу 
dataset/Dataset/data/3223760/table_0|0|169|язык|Абхазский Вьетнамский Лолойский Китайский Пушту Польский Русский Словацкий Торвали Убыхский Чувашский 
dataset/Dataset/data/3223760/table_0|1|169|язык|Абхазский Южные диалекты Лолойский Путунхуа южные диалекты Польский Русский Словацкий Торвали Убыхский Чувашский 
dataset/Dataset/data/3225104/table_1|4|169|язык|русский русский русский перевод на украинский перевод на китайский перевод на немецкий русский русский русский русский русский русский 
dataset/Dataset/data/3286560/table_1|12|169|язык|испанский casa 
dataset/Dataset/data/3286560/table_1|3|169|язык|готский hus 
dataset/Dataset/data/3286560/table_1|13|169|язык|испанский caza 
dataset/Dataset/data/3286560/table_1|6|169|язык|шведский hus 
dataset/Dataset/data/3286560/table_1|14|169|язык|венгерский haz 
dataset/Dataset/data/3286560/table_1|10|169|язык|др. французский gustel 
dataset/Dataset/data/3286560/table_1|7|169|язык|исландский hus 
dataset/Dataset/data/3286560/table_1|8|169|язык|персидский chuse 
dataset/Dataset/data/3286560/table_1|17|169|язык|ассанский hush' 
dataset/Dataset/data/3286560/table_1|9|169|язык|иврит chesui 
dataset/Dataset/data/3286560/table_1|2|169|язык|др. саксонский hus 
dataset/Dataset/data/3286560/table_1|11|169|язык|латынь casa 
dataset/Dataset/data/3286560/table_1|5|169|язык|датский hus 
dataset/Dataset/data/3286560/table_1|15|169|язык|имбатский hus' 
dataset/Dataset/data/3286560/table_1|1|169|язык|др. немецкий husili 
dataset/Dataset/data/3286560/table_1|0|169|язык|др. немецкий hus 
dataset/Dataset/data/352669/table_0|1|169|язык|Испанский Австралийский вариант английского языка Азербайджанский Белорусский Португальский Английский (ирландский) Канадский вариант английского языка и канадский вариант французского языка Чешский Французский Немецкий Кантонский китайский Иврит Турецкий Хинглиш и хинди Итальянский Японский Корейский Испанский Нидерландский Новозеландский вариант английского языка Польский Русский Испанский Южноафриканский вариант английского языка Шведский Китайский Британский вариант английского языка Украинский Болгарский 
dataset/Dataset/data/3632772/table_2|5|169|язык|Пушту и Дари Бенгальский Дзонг-кэ и английский Хинди и английский Дивехи Непальский Урду и Английский Сингальский и тамильский 
dataset/Dataset/data/3655347/table_1|0|169|язык|Испанский Креольский Кекчи Английский Гарифуна Мопанский Немецко-платский диалект Китайский Юкатекский Хиндустани Прочие 
dataset/Dataset/data/3655347/table_1|1|169|язык|94 422 67 527 10 142 7946 6929 6909 6783 1607 1176 280 1431 
dataset/Dataset/data/3690697/table_0|2|169|язык|амслен (жестовый язык) оригинальный (использовались фигурные жетоны для обозначения слов английского языка) Йеркиш (специально разработанный искусственный язык на основе лексиграмм) амслен (около 2000 жестов-слов) амслен 
dataset/Dataset/data/3738857/table_0|0|169|язык|Гархвали Кумаони или Кумауни Непали Догри-кангри (языки) 
dataset/Dataset/data/3899767/table_0|0|169|язык|русский крымскотатарский украинский другие 
dataset/Dataset/data/3997198/table_0|0|169|язык|Айнский язык Ангор Эве Хинди Ительменский Японский Каинганг Калупайа Kвама Мао Маори Одуди Испанский (андалусский) Туркменский 
dataset/Dataset/data/4079536/table_0|0|169|язык|Абага Аинбаи Ак Ануки Аравун Ари Атембле Багупи Бепоур Бикару Билакура Босилева Ботхар Будибуд Букийип Булгеби Бумбита арапеш Ваб Варапу Вехес Гарувахи Горову Грасс коиари Гураналум Денгалу Дога Дорро Думун Дувет Итери Йимас Кавуча Каиеп Каки аэ Каламо Камаса Кандас Канингра Кароре Коваки Коитабу Куот Лауа Лахудумау Ликум Мавак Магори Маколкол Мари Мватебу Миндри Мосимо Моэре Мурик Мусан Мусом Муссау-эмира Нафи Науна Нумбани Онджаб Оума Папапана Папи Пиаме Пуаре Пью Самоса Сене Сенгсенг Сепа, схаутенские языки Сера Сиссано Сомм Суармим Сумариуп Сусуами Таап Таиап Таулил Тенч Турака Усу Фаита Хермит Япунда Яравата Ярави 
dataset/Dataset/data/4117964/table_0|4|169|язык|Алчедар Куратура Одая Кипешка Нижние Климауцы Кот Кобыльня Большие Котюжаны Кобыльня, ж/д станция Кушеловка Кушмирка Добруша Речешты Загорна Фузовка Гаузены Глинжены Мигулены Олишканы Парканы Погорна Пояна Распопены Рогожены Рогожены, ж/д станция Салчия Лелина Самашканы Шестачи Шипка Вадул-Рашков Сокол 
dataset/Dataset/data/4119637/table_1|2|169|язык|RU, KZ 
dataset/Dataset/data/4119637/table_1|3|169|язык|RU, KZ, EN 
dataset/Dataset/data/4145241/table_0|10|169|язык|Польский Польский Польский Польский Польский, оригинальный Польский Польский Польский Польский Польский Польский Польский Белорусский Польский 
dataset/Dataset/data/4213673/table_3|1|169|язык|ActionScript, MXML 
dataset/Dataset/data/4281568/table_0|1|169|язык|Тип Терм (выражение) типа Тип обитаем Функциональный тип Тип произведения (пары) Тип суммы (размеченного объединения) Единичный тип Пустой тип () Тип зависимого произведения (-тип) Тип зависимой суммы (-тип) 
dataset/Dataset/data/4301996/table_0|0|169|язык|Адыгейский Датский Лолойский Кабардинский Каталанский Китайский Корейский Нидерландский Пушту Польский Русский Тибетский Чувашский Шведский Шведский Японский 
dataset/Dataset/data/4301996/table_0|1|169|язык|Адыгейский Датский Лолойский Кабардинский Каталанский Путунхуа Корейский Некоторые говорящие Вазирский диалект Польский Русский Лхасский диалект Чувашский Швеция Финляндия Японский 
dataset/Dataset/data/4324885/table_1|3|169|язык|русский русский русский русский персидский персидский 
dataset/Dataset/data/4333733/table_0|4|169|язык|рус. рус. рус. рус. рус. рус. рус. укр. рус. рус. рус. рус. рус. рус. анг. рус. рус. рус. рус. рус. рус. укр. 
dataset/Dataset/data/4440279/table_0|3|169|язык|Урду Нет Бенгальский, Бодо Урду Нет Панджаби Нет Нет Нет Нет Нет Кхаси, Гаро, Нет Нет Нет Нет Раджастхани Нет Нет Нет Урду, Санскрит Урду Непальский 
dataset/Dataset/data/4440279/table_0|2|169|язык|Телугу Английский Ассамский Майтхили, Хинди Чхаттисгархи, хинди Конкани Гуджарати, хинди Хинди Хинди Урду Хинди, сантали Каннада Малаялам, английский Хинди Маратхи Мейтей (Манипури) Английский Мизо Английский Ория, Панджаби Хинди Непали Тамильский Бенгальский, Кокборок, английский Английский, хинди Хинди Бенгальский, английский 
dataset/Dataset/data/4450227/table_11|0|169|язык|Русский, в том числе: — Великорусский — Малорусский — Белорусский Польский Чешский и словацкий Сербский, хорватский, словенский Болгарский Литовский Жемайтский Латышский Молдавский и румынский Французский Итальянский Испанский и португальский Немецкий Шведский Норвежский и датский Голландский Английский Идиш Грузинский Имеретинский Мегрельский Сванский Греческий Албанский Армянский Персидский Таджикский Талышский Татский Курдский Осетинский Индийские Цыганский Пушту Кабардинский Черкесский Абхазский Чеченский Ингушский Кистинский Аварский Даргинский Лезгинский Удинский Лакский Лезгинские Финский Удмуртский Карельский Ижорский Чудской Эстонский Саамский Коми-зырянский Коми-пермяцкий Мордовский Марийский Мансийский Хантыйский Венгерский Татарский Башкирский Мишарский Тептярский Чувашский Карачаевский Кумыкский Ногайский Турецкий Карапапахский Туркменский Казахский Киргизский Кыпчакский Каракалпакский Сартский Узбекский Уйгурский Кашгарский Тюркские наречия Якутский Калмыцкий Бурятский Монгольский Самодийские Эвенкийский Маньчжурский Чукотский Корякский Ительменский Юкагирские Чуванский Эскимосский Нивхский Аинский Алеутский Кетский Китайский Корейский Японский Арабский Ассирийский Прочие языки Не указали родного языка Всего 
dataset/Dataset/data/4475350/table_0|1|169|язык|Нидерландский В некоторых южных диалектах английского языка Башкирский Фарерский Квебекские диалекты Немецкий Исландский Маастрихтский диалект (на английском) Шведский 
dataset/Dataset/data/4475350/table_0|0|169|язык|Нидерландский Английский Башкирский Фарерский Французский Немецкий Исландский Лимбургский Шведский 
dataset/Dataset/data/4580095/table_3|0|169|язык|Абазинский Аварский Агульский Адыгейский Азербайджанский Алтайский Армянский Балкарский Башкирский Белорусский Бурятский Вепсский Греческий Грузинский Даргинский Долганский Еврейский (идиш) Ингушский Ительменский Кабардинский Казахский Калмыцкий Карачаевский Карельский Кетский Китайский Коми Коми-пермяцкий Корейский Корякский Крымско-татарский Кумыкский Лакский Латышский Лезгинский Литовский Манси Марийский горный Марийский луговой Мордовский мокша Мордовский эрзя Нанайский Негидальский Немецкий Ненецкий Нивхский (на двух диалектах) Новогреческий Ногайский Орокский (Уйльта) Осетинский Польский Русский Рутульский Саамский Селькупский Табасаранский Татарский Татский Тофаларский Тувинский Турецкий Туркменский Удмуртский Удэгейский Украинский Ульчский Финский Хакасский Хантыйский (на трех диалектах) Цахурский Черкесский Чеченский Чувашский Чукотский Шорский Эвенкийский Эвенский Энецкий Эскимосский Эстонский Юкагирский Якутский Телеутский Сойотский Итого 
dataset/Dataset/data/4588918/table_1|1|169|язык|Малайский, английский Дзонг-кэ Малаялам, английский Санскрит Индонезийский Инструментальный Инструментальный Персидский, английский Киргизский Арабский Английский 
dataset/Dataset/data/4623410/table_0|1|169|язык|Чирі пасти пӱдерде полды, Чиз пасти тазарда полды. Ағын суғлар ағыпчададыр, Ағас тазы хада ӧзіп, Хастах пастығ час тайға Анда мондылыпчададыр. Чир пӧзігі Кирім сын Ӧзіп парыбысхан турчададыр. Кирім сынның алтынаң Хан Хара суғ харлап, Анда ахчададыр. Хастах пастығ час тайғаның тастында, Харлап аххан Хан Хара суғны хастада Халых албат чон чуртап, Хайынызып, анда ибірілісчедедір. 
dataset/Dataset/data/4623410/table_0|0|169|язык|Зарождаться земля начинала тогда, Медь начинала твердеть тогда, Русла в горах пробивали ручьи, Звезды небес загорались в ночи, Деревья корнями за землю брались, Верхушки свои устремляя ввысь. Но выше всех гор в этом месте был Могучий красавец Кирим-тасхыл. От подножья тасхыла, покинув юг, Мчался на север Хан-Харасуг, Хан-Харасуг — звонкий ручей, Приютил ты много хороших людей, Напоил ты немало степных табунов, Хан-Харасуг — сын земных пластов, Разгульная сила в твоих волнах, Счастливая жизнь на твоих берегах. 
dataset/Dataset/data/4667146/table_1|5|169|язык|Казахский, русский киргизский, русский Таджикский, узбекский Туркменский Узбекский 
dataset/Dataset/data/4674973/table_0|0|169|язык|Computable Document Format Darwin Information Typing Architecture (DITA) DocBook Encoded Archival Description (EAD) Extensible HyperText Markup Language (XHTML) HyperText Markup Language (HTML) LilyPond Maker Interchange Format (MIF) Markdown Math Markup Language (MathML) Music Extensible Markup Language (MusicXML) Office Open XML (OOXML) OpenDocument Format (ODF) Open Mathematical Documents (OMDoc) reStructuredText Rich Text Format (RTF) Scalable Vector Graphics (SVG) Script TeX Text Encoding Initiative (TEI) troff (typesetter runoff), groff (GNU runoff) Wireless Markup Language (WML) Язык 
dataset/Dataset/data/4756509/table_1|2|169|язык|Белорусский Болгарский Итальянский, английский Хорватский, английский Греческий, английский Грузинский, английский Шведский Украинский, английский Словенский, английский Черногорский, английский Итальянский, английский Армянский, английский Русский, английский Сербский Английский Нидерландский, английский 
dataset/Dataset/data/4770786/table_0|4|169|язык|Путунхуа Кантонский Кантонский (+) Путунхуа Тайваньский (+) Кантонский Путунхуа Кантонский (+) Путунхуа Путунхуа Путунхуа Путунхуа (+) Кантонский Кантонский Путунхуа Путунхуа / Английский Путунхуа Кантонский Кантонский / Путунхуа Мандарин Кантонский Кантонский (+) Кантонский / Путунхуа Путунхуа / Тайваньский Путунхуа Кантонский Путунхуа Кантонский (немой) (немой) Кантонский Кантонский Кантонский Кантонский Кантонский Кантонский Путунхуа Путунхуа Кантонский Кантонский Путунхуа / Тайваньский Кантонский Кантонский / Английский Путунхуа (+) Путунхуа Мандарин Путунхуа Путунхуа Кантонский (+) Кантонский Кантонский Кантонский Путунхуа Кантонский / Путунхуа Путунхуа Путунхуа / Тайваньский Кантонский Путунхуа Путунхуа Кантонский Кантонский Путунхуа / Английский Путунхуа Путунхуа Кантонский Кантонский Кантонский Кантонский / Путунхуа / Английский Кантонский / Путунхуа (немой) Кантонский Кантонский Кантонский Кантонский Мандарин Кантонский Путунхуа Путунхуа Путунхуа Путунхуа Кантонский Путунхуа Путунхуа Кантонский Кантонский / Путунхуа Путунхуа / Кантонский / Испанский Кантонский (+) Путунхуа Путунхуа Кантонский Путунхуа Путунхуа Кантонский Кантонский Кантонский Путунхуа Путунхуа / Тайваньский Путунхуа / Тайваньский / Японский Кантонский Путунхуа 
dataset/Dataset/data/4830861/table_0|2|169|язык|Английский Английский Английский Арабский 
dataset/Dataset/data/499075/table_0|1|169|язык|Литературный Армянский Каталанский  Мандаринский диалект Чешский Голландский Английский Финский Французский Грузинский Немецкий Греческий Хинди Венгерский Итальянский Японский Корейский Мальтийский Норвежский Пираханский Польский Португальский Русский Сербский Испанский Суахили Шведский Турецкий Вьетнамский Чувашский 
dataset/Dataset/data/499075/table_0|0|169|язык|Арабский Армянский Каталанский  Китайский Чешский Голландский Английский Финский Французский Грузинский Немецкий Греческий Хинди Венгерский Итальянский Японский Корейский Мальтийский Норвежский Пираханский Польский Португальский Русский Сербский Испанский Суахили Шведский Турецкий Вьетнамский Чувашский 
dataset/Dataset/data/499080/table_0|1|169|язык|Литературный Армянский Каталанский  Мандаринский диалект Чешский Голландский Английский Финский Французский Грузинский Немецкий Греческий Хинди Венгерский Итальянский Японский Корейский Мальтийский Норвежский Пираханский Польский Португальский Русский Сербский Испанский Суахили Шведский Турецкий Вьетнамский Чувашский 
dataset/Dataset/data/499080/table_0|0|169|язык|Арабский Армянский Каталанский  Китайский Чешский Голландский Английский Финский Французский Грузинский Немецкий Греческий Хинди Венгерский Итальянский Японский Корейский Мальтийский Норвежский Пираханский Польский Португальский Русский Сербский Испанский Суахили Шведский Турецкий Вьетнамский Чувашский 
dataset/Dataset/data/500217/table_0|1|169|язык|Литературный Армянский Каталанский  Мандаринский диалект Чешский Голландский Английский Финский Французский Грузинский Немецкий Греческий Хинди Венгерский Итальянский Японский Корейский Мальтийский Норвежский Пираханский Польский Португальский Русский Сербский Испанский Суахили Шведский Турецкий Вьетнамский Чувашский 
dataset/Dataset/data/500217/table_0|0|169|язык|Арабский Армянский Каталанский  Китайский Чешский Голландский Английский Финский Французский Грузинский Немецкий Греческий Хинди Венгерский Итальянский Японский Корейский Мальтийский Норвежский Пираханский Польский Португальский Русский Сербский Испанский Суахили Шведский Турецкий Вьетнамский Чувашский 
dataset/Dataset/data/500244/table_0|0|169|язык|Чешский язык Русский язык Голландский Английский Финский Греческий Гуэно Итальянский Норвежский Словенский Испанский Шведский 
dataset/Dataset/data/500244/table_0|1|169|язык|Чешский язык Русский язык Бельгийский Английский Финский Греческий Гуэно Итальянский Норвежский Словенский Испанский Шведский 
dataset/Dataset/data/5015065/table_0|1|169|язык|ачехский амхарский ангор английский гуарани ирландский каинганг арауканский польский Европейский румынский русский сахаптин сирионо чувашский шведский тупи выруский диалект северные диалекты тилкияпан 
dataset/Dataset/data/5015065/table_0|0|169|язык|ачехский амхарский ангор английский гуарани ирландский каинганг арауканский польский португальский румынский русский сахаптин сирионо чувашский шведский тупи выруский диалект валлийский сапотекский 
dataset/Dataset/data/50203/table_19|6|169|язык|гуджарати манипури панджаби телугу 
dataset/Dataset/data/50203/table_19|3|169|язык|бенгальский язык малаялам ория тамильский язык 
dataset/Dataset/data/50203/table_19|9|169|язык|каннада маратхи санскрит хинди 
dataset/Dataset/data/50203/table_19|0|169|язык|ассамский язык конкани непальский язык сингальский язык 
dataset/Dataset/data/5027071/table_0|1|169|язык|Вілейскае Заслаўскае Чырвонаслабодскае Салігорскае Любанскае Чыгірынскае Пагост Лактышы Асіповіцкае 
dataset/Dataset/data/5027071/table_0|0|169|язык|Вилейское Заславское («Минское море») Краснослободское Солигорское Любанское Чигиринское Погост Локтыши Осиповичское 
dataset/Dataset/data/5036219/table_1|0|169|язык|Тагальский Тамильский Вьетнамский 
dataset/Dataset/data/5171203/table_0|1|169|язык|венгерский немецкий испанский итальянский польский корейский русский 
dataset/Dataset/data/5234641/table_0|4|169|язык|Списокпольск. 2004нем. 2008нем. 2009 Списокпольск. 2005англ. 2014болг. 2015 
dataset/Dataset/data/5234641/table_1|4|169|язык|Списокпольск. 2003лит. 2004нем. 2005чеш. 2005нидерл. 2006фр. 2006англ. 2006польск. 2006англ. 2006фр. 2007англ. 2007венг. 2007польск. 2007кит. 2007нем. 2008эст. 2008болг. 2008тай. 2009фин. 2012польск. 2014кит. 2014 Списокпольск. 2004чеш. 2005лит. 2006нем. 2006англ. 2006польск. 2006фр. 2007англ. 2007венг. 2007нем. 2008англ. 2008польск. 2008болг. 2009эст. 2010фин. 2013польск. 2014кит. 2014 Списокчеш. 2005нем. 2006польск. 2007англ. 2007англ. 2007англ. 2007нем. 2008англ. 2008фр. 2008венг. 2008фин. 2014польск. 2014кит. 2014 Списокчеш. 2006нем. 2007польск. 2007болг. 2007англ. 2008англ. 2009англ. 2009венг. 2009польск. 2014кит. 2014 Списокпольск. 2014кит. 2014 Списокпольск. 2015англ. 2016 
dataset/Dataset/data/5267721/table_3|0|169|язык|Португальский 
dataset/Dataset/data/5267721/table_3|1|169|язык|Большинство бразильских диалектов 
dataset/Dataset/data/5274186/table_0|2|169|язык|12 000 000 2 500 000 900 000 3 948 000 140 000 400 000 50 000 67 500 10 000 680 000 250 000 180 000 400 000 150 000 300 000 25 000 25 000 
dataset/Dataset/data/531724/table_6|0|169|язык|Русский Латышский в том числе латгальский Украинский Литовский Польский Белорусский Иной Указан Не указан Всего 
dataset/Dataset/data/5327991/table_0|0|169|язык|Абхазский язык Китайский язык Французский язык 
dataset/Dataset/data/5327991/table_0|1|169|язык|Абхазский язык Мандаринский китайский Французский язык 
dataset/Dataset/data/5352716/table_0|3|169|язык|Дзонг-кэ Немецкий Албанский Арабский Испанский Дари, Хинди,Английский Бенгальский Французский Болгарский Боснийский Португальский Валлийский Венгерский, Идиш, Немецкий Испанский Вьетнамский Испанский Немецкий Мандаринский Греческий Грузинский Датский Испанский Персидский Маратхи Курдский Персидский Испанский Исландский Баскский Итальянский Арабский Казахский Кхмерский Французский, Идиш Киргизский Мандаринский Испанский Албанский Испанский Французский Латышский Литовский Арабский Люксембургский Македонский Малайский Арабский Испанский Непальский Болгарский,Французский,Нидерландский,Шведский,Сербский,Боснийский Норвежский урду, пушту Арабский Испанский Испанский Испанский Корейский Польский Португальский Русский Румынский Сербский Малайский,Гоккин,Мандаринский,малаялам Словацкий, Чешский Словенский Тайский Мандаринский Турецкий Испанский Филиппинский Эстонский,Русский Турецкий Хорватский Чешский Испанский Хорватский Арабский Шведский Эстонский Амхарский зулу Японский 
dataset/Dataset/data/5364914/table_0|1|169|язык|Эга Фула гоэмаи Хауса Ямайский Калабари Каража Кхмерский Моно Онгота Серер Синдхи Тера Туканг Беси Вьетнамский 
dataset/Dataset/data/5364914/table_0|0|169|язык|Эга Фула гоэмаи Хауса Ямайский Калабари Каража Кхмерский Моно Онгота Серер Синдхи Тера Туканг Беси Вьетнамский 
dataset/Dataset/data/5365313/table_1|0|169|язык|каталанский голландский английский английский фарерский французский украинский чувашский грузинский немецкий венгерский итальянский корейский норвежский польский португальский русский литовский латышский шведский вьетнамский язык 
dataset/Dataset/data/5365313/table_1|1|169|язык|каталанский голландский австралийский североамериканский фарерский французский украинский чувашский грузинский немецкий венгерский итальянский корейский норвежский польский португальский русский литовский латышский шведский вьетнамский язык 
dataset/Dataset/data/5384905/table_0|1|169|язык|Албанский Баскский Персидский Панджаби Русский Испанский Португальский 
dataset/Dataset/data/5384905/table_0|0|169|язык|Албанский Баскский Персидский Панджаби Русский Испанский Португальский 
dataset/Dataset/data/5399289/table_0|1|169|язык|Аймара Греческий Итальянский Кастильский Баскский 
dataset/Dataset/data/5399289/table_0|0|169|язык|Аймара Греческий Итальянский Испанский Баскский 
dataset/Dataset/data/5413121/table_1|1|169|язык|Итальянский 
dataset/Dataset/data/5413121/table_1|0|169|язык|Итальянский 
dataset/Dataset/data/5417695/table_1|1|169|язык|Алекано Английский Казахский Северные диалекты Тайваньский Эстонский Ирландский Корейский Онге Шотландский Вьетнамский Болгарский Тайский 
dataset/Dataset/data/5417695/table_1|0|169|язык|Алекано Английский Казахский Китайский Китайский Эстонский Ирландский Корейский Онге Шотландский Вьетнамский Болгарский Тайский 
dataset/Dataset/data/5435124/table_2|1|169|язык|Хорватский Йоркширский английский Армянский Финский Иврит Греческий Японский Корейский Румынский Русский Испанский Турецкий Украинский Чувашский Tilquiapan 
dataset/Dataset/data/5435124/table_2|0|169|язык|Хорватский Английский Армянский Финский Иврит Греческий Японский Корейский Румынский Русский Испанский Турецкий Украинский Чувашский Сапотекский 
dataset/Dataset/data/5435184/table_0|0|169|язык|алеканский[en] азербайджанский казахский крымскотатарский корейский киргизский кельтский шотландский турецкий вьетнамский чувашский 
dataset/Dataset/data/5435188/table_0|0|169|язык|Албанский Бенгальский Белорусский язык Каталанский Китайский Китайский Чешский Голландский Английский Английский Английский Фарерский Французский Грузинский Немецкий Итальянский Лао Норвежский Окситанский Польский Португальский Шведский Таджикский Украинский Вьетнамский 
dataset/Dataset/data/5435188/table_0|1|169|язык|Албанский Бенгальский Белорусский язык Каталанский Кантонский (Юэ) Северные диалекты Чешский Голландский Австралийский Американский Британский Фарерский Французский Грузинский Немецкий Итальянский Лао Норвежский Окситанский Польский Португальский Шведский Таджикский Украинский Вьетнамский 
dataset/Dataset/data/5435208/table_1|1|169|язык|Нормативное произношение в Огайо в Техасе Паичи 
dataset/Dataset/data/5435208/table_1|0|169|язык|Английский Английский Английский Паичи 
dataset/Dataset/data/546666/table_7|1|169|язык|Сложное будущее единств. число имамь купити имаши купити имать купити двойств. число имавѣ купити имата купити имата купити множеств. число имамъ купити имате купити имуть купити 
dataset/Dataset/data/546666/table_7|2|169|язык|Преждебудущее единств. число буду купилъ будеши купилъ будеть купилъ двойств. число будевѣ купила будета купила будета купила множеств. число будемъ купили будете купили будуть купили 
dataset/Dataset/data/5487882/table_2|0|169|язык|Чешский Кашубский Кобон Польский Португальский язык Силезский Силезский Словацкий 
dataset/Dataset/data/5487882/table_2|1|169|язык|Чешский Кашубский Кобон Некоторые диалекты Португальский язык Gmina Istebna Jablunkov Несколько диалектов рядом с польской границей. 
dataset/Dataset/data/5659065/table_2|1|169|язык|Английский Английский Английский Мокшанский Удмуртский Нешанский Горномарийский Колтта-саамский 
dataset/Dataset/data/5659075/table_2|1|169|язык|Английский Английский Английский Мокшанский Удмуртский Нешанский Горномарийский Колтта-саамский 
dataset/Dataset/data/5691470/table_2|1|169|язык|хинди гуджарати гуджарати гуджарати гуджарати 
dataset/Dataset/data/5712322/table_0|0|169|язык|Греческий 
dataset/Dataset/data/5712322/table_0|1|169|язык|Греческий 
dataset/Dataset/data/5720397/table_1|0|169|язык|Чешский Норвежский Норвежский Польский 
dataset/Dataset/data/5720397/table_1|1|169|язык|Чешский Местность вокруг Нарвика Трёндешк Некоторые диалекты 
dataset/Dataset/data/5722718/table_2|1|169|язык|Чешский Кашубский Кобон Некоторые диалекты Португальский язык Gmina Istebna Jablunkov Несколько диалектов рядом с польской границей. 
dataset/Dataset/data/5722718/table_2|0|169|язык|Чешский Кашубский Кобон Польский Португальский язык Силезский Силезский Словацкий 
dataset/Dataset/data/6013840/table_0|2|169|язык|Грузинский Голландский Армянский Греческий Португальский Русский Румынский Болгарский Сербский Голландский Македонский Украинский Шведский Английский Греческий Литовский Русский 
dataset/Dataset/data/6109067/table_2|0|169|язык|польский силезский немецкий украинский белорусский русский кашубский цыганский английский литовский лемковский французский вьетнамский арабский итальянский армянский испанский болгарский китайский греческий нидерландский чешский венгерский 
dataset/Dataset/data/6125062/table_0|2|169|язык|Португальский Нидерландский Французский Немецкий Французский Итальянский Французский Шведский Финский Французский Итальянский Английский Норвежский Английский Испанский Немецкий Хорватский 
dataset/Dataset/data/6125066/table_0|2|169|язык|Немецкий Мальтийский Французский Французский Немецкий Испанский Французский Французский Английский Нидерландский Итальянский Шведский Английский Нидерландский Португальский Хорватский Финский Норвежский 
dataset/Dataset/data/6125119/table_7|2|169|язык|Английский Английский Английский Английский Английский Английский Английский Македонский Английский Английский Английский Английский, болгарский Английский Английский,крымскотатарский Английский Английский Английский Английский 
dataset/Dataset/data/6125423/table_1|3|169|язык|английский английский русский английский русский русский английский английский английский английский французский английский, русский английский удмуртский английский английский английский английский итальянский английский английский русский русский русский русский 
dataset/Dataset/data/6148566/table_3|1|169|язык|Русский Английский Грузинский Польский Хорватский Испанский Выдуманный Нидерландский Армянский Украинский Итальянский Французский 
dataset/Dataset/data/6222332/table_1|1|169|язык|Нормативное произношение в Огайо в Техасе Паичи 
dataset/Dataset/data/6222332/table_1|0|169|язык|Английский Английский Английский Паичи 
dataset/Dataset/data/6275940/table_0|2|169|язык|хинди хинди Премия не присуждалась хинди бенгали телугу Премия не присуждалась Премия не присуждалась Премия не присуждалась Премия не присуждалась бенгали Премия не присуждалась тамильский немой фильм хинди 
dataset/Dataset/data/6275942/table_2|2|169|язык|хинди хинди тамильский хинди малаялам хинди хинди хинди телугу телугу, тамильский хинди телугу 
dataset/Dataset/data/6329572/table_0|3|169|язык|полностью персидский полностью персидский полностью персидский полностью персидский полностью персидский в основном персидский, реже арабский полностью персидский полностью персидский полностью персидский полностью персидский полностью персидский в основном персидский, реже курдский полностью персидский полностью персидский полностью персидский полностью персидский полностью персидский в основном персидский, также арабский в основном персидский, также арабский и английский полностью персидский 
dataset/Dataset/data/6429938/table_1|1|169|язык|Английский, французский, немецкий, испанский, шведский, нидерландский английский, французский, немецкий, итальянский, арабский, русский, испанский, португальский, корейский, японский, китайский; больше языков доступны платно английский, русский, финский, французский, немецкий, венгерский, испанский, итальянский, голландский, польский, словацкий русский английский, спецификация 20 стран мира 
dataset/Dataset/data/6432235/table_0|4|169|язык|Списокпольск. 2004нем. 2008нем. 2009 Списокпольск. 2005англ. 2014болг. 2015 
dataset/Dataset/data/6432236/table_1|4|169|язык|Списокпольск. 2003лит. 2004нем. 2005чеш. 2005нидерл. 2006фр. 2006англ. 2006польск. 2006англ. 2006фр. 2007англ. 2007венг. 2007польск. 2007кит. 2007нем. 2008эст. 2008болг. 2008тай. 2009фин. 2012польск. 2014кит. 2014 Списокпольск. 2004чеш. 2005лит. 2006нем. 2006англ. 2006польск. 2006фр. 2007англ. 2007венг. 2007нем. 2008англ. 2008польск. 2008болг. 2009эст. 2010фин. 2013польск. 2014кит. 2014 Списокчеш. 2005нем. 2006польск. 2007англ. 2007англ. 2007англ. 2007нем. 2008англ. 2008фр. 2008венг. 2008фин. 2014польск. 2014кит. 2014 Списокчеш. 2006нем. 2007польск. 2007болг. 2007англ. 2008англ. 2009англ. 2009венг. 2009польск. 2014кит. 2014 Списокпольск. 2014кит. 2014 Списокпольск. 2015англ. 2016 
dataset/Dataset/data/6432237/table_0|4|169|язык|Списокпольск. 2004нем. 2008нем. 2009 Списокпольск. 2005англ. 2014болг. 2015 
dataset/Dataset/data/6432240/table_0|4|169|язык|Списокпольск. 2004нем. 2008нем. 2009 Списокпольск. 2005англ. 2014болг. 2015 
dataset/Dataset/data/6443440/table_0|2|169|язык|Английский Английский Эстонский Английский Английский Эстонский Эстонский Эстонский Эстонский Английский Английский Эстонский Эстонский Английский Английский Английский Эстонский Английский Английский Эстонский 
dataset/Dataset/data/6443573/table_1|2|169|язык|Сербский Грузинский Словенский, английский Итальянский Нидерландский, английский Английский Ирландский Русский, английский Македонский Русский, английский Армянский, английский Украинский, английский Болгарский Итальянский, английский Английский Албанский Черногорский 
dataset/Dataset/data/6464576/table_0|0|169|язык|Влашский Румынский 
dataset/Dataset/data/6480979/table_3|0|169|язык|jo tu ell ella vostè nosaltres vosaltres ells elles vostès si 
dataset/Dataset/data/6480979/table_3|1|169|язык|я ты он она вы (вежливая форма, ед. ч.) мы вы они (м. р.) они (ж. р.) вы (вежливая форма, мн. ч.) себя 
dataset/Dataset/data/6484300/table_1|1|169|язык|украинский язык русский язык крымскотатарский язык молдавский язык венгерский язык румынский язык болгарский язык белорусский язык армянский язык татарский язык азербайджанский язык гагаузский язык цыганский язык польский язык идиш 
dataset/Dataset/data/6487154/table_0|2|169|язык|Грузинский Голландский Армянский Греческий Португальский Русский Румынский Болгарский Сербский Голландский Македонский Украинский Шведский Английский Греческий Литовский Русский 
dataset/Dataset/data/6487166/table_0|2|169|язык|Русский Латышский Румынский, Английский Армянский, Английский Болгарский Литовский Английский,Украинский Македонский Нидерландский Русский Шведский Грузинский Нидерландский 
dataset/Dataset/data/6492480/table_6|3|169|язык|Армянский Греческий Турецкий 
dataset/Dataset/data/653874/table_0|1|169|язык|японский английский английский английский итальянский французский немецкий испанский корейский индонезийский 
dataset/Dataset/data/6582341/table_4|1|169|язык|い /i/ 
dataset/Dataset/data/6605772/table_1|3|169|язык|в основном персидский, также арабский и английский в основном английский, реже персидский полностью испанский полностью арабский полностью арабский в основном персидский, также арабский в основном персидский, также английский, французский, арабский, азербайджанский, курдский, урду и боснийский полностью персидский 
dataset/Dataset/data/6668126/table_0|4|169|язык|Греческий, английский Польский Нидерландский, английский Армянский, английский Русский Португальский Ирландский Английский, македонский Грузинский Албанский Украинский Английский, мальтийский Русский, английский Сербский Английский Итальянский, английский 
dataset/Dataset/data/6692279/table_0|2|169|язык|— французский — — — — — фриульский, немецкий, словенский и венетский — — — — — — сардинский сицилийский немецкий, ладинский — — — 
dataset/Dataset/data/6769454/table_1|0|169|язык|Чешский Норвежский Норвежский Польский 
dataset/Dataset/data/6769454/table_1|1|169|язык|Чешский Местность вокруг Нарвика Трёндешк Некоторые диалекты 
dataset/Dataset/data/6814053/table_3|4|169|язык|Списокпольск. 2003чеш. 2006лит. 2007болг. 2008нем. 2009венг. 2009 Списокпольск. 2003чеш. 2007лит. 2007болг. 2008нем. 2009 
dataset/Dataset/data/6814060/table_3|4|169|язык|Списокпольск. 2003чеш. 2006лит. 2007болг. 2008нем. 2009венг. 2009 Списокпольск. 2003чеш. 2007лит. 2007болг. 2008нем. 2009 
dataset/Dataset/data/6814060/table_7|4|169|язык|Списокпольск. 2005 Списокпольск. 2001болг. 2004чеш. 2005 Списокпольск. 2002лит. 2002чеш. 2008 
dataset/Dataset/data/6814067/table_17|4|169|язык|Списокпольск. 2006чеш. 2009 Списокнем. 2008 
dataset/Dataset/data/6814076/table_0|4|169|язык|Списокпольск. 2004нем. 2008нем. 2009 Списокпольск. 2005англ. 2014болг. 2015 
dataset/Dataset/data/6814801/table_17|4|169|язык|Списокпольск. 2006чеш. 2009 Списокнем. 2008 
dataset/Dataset/data/6814810/table_0|4|169|язык|Списокпольск. 2004нем. 2008нем. 2009 Списокпольск. 2005англ. 2014болг. 2015 
dataset/Dataset/data/6814811/table_17|4|169|язык|Списокпольск. 2006чеш. 2009 Списокнем. 2008 
dataset/Dataset/data/6814811/table_7|4|169|язык|Списокпольск. 2005 Списокпольск. 2001болг. 2004чеш. 2005 Списокпольск. 2002лит. 2002чеш. 2008 
dataset/Dataset/data/6818027/table_1|4|169|язык|Списокпольск. 2003лит. 2004нем. 2005чеш. 2005нидерл. 2006фр. 2006англ. 2006польск. 2006англ. 2006фр. 2007англ. 2007венг. 2007польск. 2007кит. 2007нем. 2008эст. 2008болг. 2008тай. 2009фин. 2012польск. 2014кит. 2014 Списокпольск. 2004чеш. 2005лит. 2006нем. 2006англ. 2006польск. 2006фр. 2007англ. 2007венг. 2007нем. 2008англ. 2008польск. 2008болг. 2009эст. 2010фин. 2013польск. 2014кит. 2014 Списокчеш. 2005нем. 2006польск. 2007англ. 2007англ. 2007англ. 2007нем. 2008англ. 2008фр. 2008венг. 2008фин. 2014польск. 2014кит. 2014 Списокчеш. 2006нем. 2007польск. 2007болг. 2007англ. 2008англ. 2009англ. 2009венг. 2009польск. 2014кит. 2014 Списокпольск. 2014кит. 2014 Списокпольск. 2015англ. 2016 
dataset/Dataset/data/6818027/table_3|4|169|язык|Списокпольск. 2003чеш. 2006лит. 2007болг. 2008нем. 2009венг. 2009 Списокпольск. 2003чеш. 2007лит. 2007болг. 2008нем. 2009 
dataset/Dataset/data/6818056/table_14|4|169|язык|Списокнем. 2009чеш. 2010 
dataset/Dataset/data/6818056/table_7|4|169|язык|Списокпольск. 2005 Списокпольск. 2001болг. 2004чеш. 2005 Списокпольск. 2002лит. 2002чеш. 2008 
dataset/Dataset/data/6855288/table_2|1|169|язык|Английский Английский Английский Мокшанский Удмуртский Нешанский Горномарийский Колтта-саамский 
dataset/Dataset/data/6920660/table_0|0|169|язык|ActionScript Ada Ada Бейсик Си (ISO 1990) Си (ISO 1999) C++ (ISO 2003) C++ (ISO 2011) C# ColdFusion Common Lisp Common Lisp D Delphi Eiffel Erlang Euphoria Microsoft Excel (англ.) Microsoft Excel (рус.) FileMaker Fortran Fortran GML (Game Maker) Go Haskell Haskell J Java Java JavaScript Lua Mathematica MATLAB MATLAB MySQL Oberon Objective Caml Pascal Perl PHP PL/I Prolog (ISO 1995) PureBasic Python QBasic R RPG Ruby Scheme SenseTalk SenseTalk Tcl Verilog (2001) VHDL VHDL Visual Basic 
dataset/Dataset/data/7077449/table_0|1|169|язык|испанский португальский английский голландский французский 
dataset/Dataset/data/7127702/table_0|3|169|язык|ISBN 978-4-04-868280-0 ISBN 978-4-04-868463-7 ISBN 978-4-04-868765-2 ISBN 978-4-04-870123-5 ISBN 978-4-04-870416-8 ISBN 978-4-04-870749-7 ISBN 978-4-04-886140-3 ISBN 978-4-04-886543-2 ISBN 978-4-04-886801-3 ISBN 978-4-04-886986-7 ISBN 978-4-04-891471-0 ISBN 978-4-04-891794-0 ISBN 978-4-04-866412-7 
dataset/Dataset/data/7127702/table_0|2|169|язык|10 января 2010 года 10 апреля 2010 года 10 августа 2010 года 10 декабря 2010 года 10 мая 2011 года 10 сентября 2011 года 10 декабря 2011 года 10 апреля 2012 года 10 августа 2012 года 10 октября 2012 года 9 марта 2013 года 10 июля 2013 года 8 марта 2014 года 
dataset/Dataset/data/7134118/table_1|0|169|язык|Английский Английский Английский Английский Ирландский Корейский Вьетнамский 
dataset/Dataset/data/7134118/table_1|1|169|язык|Ньюфаундлендский Филадельфийский Кардиффский(лишь у некоторых носителей) Южноафриканский английский Ольстерский диалект Корейский Вьетнамский 
dataset/Dataset/data/7135131/table_0|1|169|язык|Абхазский Литературный Центральные диалекты Бикольский Бирманский Русский Рутульский Себуанский Чаморро (язык) Лезгинский Мегрельский Ингушский и чеченский Чешский Датский Голландский Кокни Американский английский Нормативное произношение Финский северные диалекты немецкого Гуарани (язык) Иврит Выруский 
dataset/Dataset/data/7135131/table_0|0|169|язык|Абхазский Арабский Арабский Бикольский Бирманский Русский Рутульский Себуанский Чаморро (язык) Лезгинский Мегрельский Ингушский и чеченский Чешский Датский Голландский Английский Английский Английский Финский Немецкий Гуарани (язык) Иврит Выруский 
dataset/Dataset/data/717085/table_0|3|169|язык|gemelli besson beneli gemulus copula medius didymos 
dataset/Dataset/data/717085/table_0|2|169|язык|Итальянский язык Нормандский язык Лигурийский язык Латынь Латынь Латынь Древнегреческий 
dataset/Dataset/data/721485/table_0|1|169|язык|Албанский Английский Венгерский Вьетнамский Галисийский Голландский Греческий Динка Индонезийский Испанский Итальянский Каталанский Малаяламский Северные диалекты Северный и Южный Гасконский Польский Португальский Французский Хорватский Чешский Японский 
dataset/Dataset/data/721486/table_0|1|169|язык|Албанский Английский Венгерский Вьетнамский Галисийский Голландский Греческий Динка Индонезийский Испанский Итальянский Каталанский Малаяламский Северные диалекты Северный и Южный Гасконский Польский Португальский Французский Хорватский Чешский Японский 
dataset/Dataset/data/721486/table_0|0|169|язык|Албанский Английский Венгерский Вьетнамский Галисийский Голландский Греческий Динка Индонезийский Испанский Итальянский Каталанский Малаяламский Норвежский Окситанский Окситанский Польский Португальский Французский Хорватский Чешский Японский 
dataset/Dataset/data/7222043/table_2|1|169|язык|Английский Английский Английский Мокшанский Удмуртский Нешанский Горномарийский Колтта-саамский 
dataset/Dataset/data/7316632/table_0|1|169|язык|Паранский арара Ком 
dataset/Dataset/data/7316632/table_0|0|169|язык|Паранский арара Ком 
dataset/Dataset/data/7344437/table_0|2|169|язык|русский русский русский русский армянский армянский русский армянский русский русский русский русский армянский русский русский русский русский армянский русский русский русский армянский русский русский русский армянский русский русский русский армянский русский русский русский русский русский армянский армянский русский 
dataset/Dataset/data/7350659/table_1|2|169|язык|латышский латышский латышский латышский латышский русский русский, латышский русский русский русский, латышский русский латышский латышский латышский латышский латышский 
dataset/Dataset/data/7479901/table_0|5|169|язык|C++ C++ Java C++ Python C++ малая корневая библиотека на C++ C++ C++ C++, Python Python C, Lua C++ 
dataset/Dataset/data/751427/table_3|1|169|язык|Английский Французский Нидерландский Иврит Итальянский Немецкий Норвежский Шведский Испанский Датский Хорватский Украинский Сербский Крымско-татарский Португальский 
dataset/Dataset/data/7561847/table_1|0|169|язык|Английский (Великобритания, Ирландия) Французский (Франция, Швейцария, Бельгия, Люксембург, Андорра, Монако) Немецкий (Германия, Австрия, Швейцария, Бельгия, Люксембург, Лихтенштейн) Нидерландский (Нидерланды, Бельгия) Испанский (Испания, Андорра) Португальский (Португалия) Итальянский (Италия) Ирландский (Ирландия) Каталанский (Андорра) 
dataset/Dataset/data/7707930/table_0|0|169|язык|английский болгарский китайский хорватский чешский датский голландский (Нидерланды/Бельгия) финский французский немецкий греческий грузинский венгерский иврит индонезийский итальянский японский корейский (Южная Корея) норвежский польский португальский (Бразилия) португальский (Португалия) румынский русский сербский словенский испанский (Латинская Америка) испанский (Испания) шведский тайваньский тайский турецкий казахский эстонский 
dataset/Dataset/data/7790665/table_0|4|169|язык|русский русский русский украинский украинский украинский украинский украинский украинский английский украинский 
dataset/Dataset/data/7824413/table_2|2|169|язык|русский русский русский русский русский современный русский современный русский современный русский современный русский современный русский современный русский 
dataset/Dataset/data/7837311/table_1|0|169|язык|Ada C C++ C# и другие языки программирования платформы .NET D Erlang Fortran Go GOB Genie Haskell FreeBASIC Free Pascal Java JavaScript Lua Lisp Lua Node.js OCaml Perl PHP PureBasic Python R Ruby Smalltalk Tcl Vala 
dataset/Dataset/data/7846260/table_0|3|169|язык|Свати, Английский Английский Английский Английский Французский, Английский Французский Английский Английский Французский Английский Английский Французский, Санго Португальский, Французский Английский, Йоруба Французский Английский, Арабский, Лингала Французский Амхарский [a] Английский 
dataset/Dataset/data/785090/table_4|1|169|язык|Английский Французский Китайский Арабский Микмак Немецкий ... Русский 
dataset/Dataset/data/7891928/table_5|5|169|язык|Английский Английский Английский Английский Английский Английский Английский, французский, датский, немецкий Английский Английский Английский, хорватский Английский Английский Английский Албанский Английский, северносаамский Английский Английский Английский 
dataset/Dataset/data/7891928/table_7|5|169|язык|Английский Албанский Английский Английский Английский Английский, французский, датский, немецкий Английский, турецкий Английский Английский Словенский Английский Английский Английский Английский Английский, северносаамский Английский Исландский Английский Английский Английский Французский, английский Итальянский, арабский Сербский, английский Английский Английский Испанский 
dataset/Dataset/data/7898519/table_3|0|169|язык|Си Ada C++ C# D Go Java Python 
dataset/Dataset/data/7898525/table_3|0|169|язык|Си Ada C++ C# D Go Java Python 
dataset/Dataset/data/7900543/table_1|0|169|язык|Голладский 
dataset/Dataset/data/7951288/table_5|3|169|язык|Азербайджанский Грузинский 
dataset/Dataset/data/7997582/table_3|1|169|язык|английский 
dataset/Dataset/data/8104013/table_0|0|169|язык|абхазский албанский английский английский английский арабский арабский армянский ассирийский новоарамейский африкаанс бай болгарский валлийский венгерский вьетнамский греческий грузинский датский западнофризский иврит ирландский испанский итальянский кабардино-черкесский каталанский каталанский китайский китайский македонский мальтийский немецкий нидерландский нидерландский норвежский носу окситанский окситанский окситанский персидский польский португальский румынский русинский русский сербохорватский сефардский словацкий турецкий урду фарерский французский хиндустани чеченский чешский чувашский шведский эве эсперанто 
dataset/Dataset/data/8104013/table_0|1|169|язык|абхазский албанский все диалекты афроамериканский английский кокни алжирский мосульский (Сиирт) восточноармянский ассирийский новоарамейский африкаанс южный (Дали) болгарский валлийский венгерский вьетнамский греческий грузинский литературный западнофризский иврит ирландский испанский итальянский кабардино-черкесский балеарский валенсийский сычуаньский у македонский мальтийский немецкий все диалекты большинство диалектов и литературный язык городской восточнонорвежский[en] носу лимузенский овернский провансальский западный (иранский)[en] польский португальский румынский лемковский русский сербохорватский сефардский словацкий турецкий урду фарерский французский хиндустани чеченский чешский чувашский шведский эве эсперанто 
dataset/Dataset/data/8155950/table_0|3|169|язык|Русский Русский Русский Русский Русский Русский Русский Русский Русский Русский Русский Русский Русский Русский Русский Русский Русский Русский Русский 
dataset/Dataset/data/8158749/table_2|0|169|язык|Чешский Финский Французский Немецкий Испанский 
dataset/Dataset/data/8192476/table_2|5|169|язык|آ ا ﺏ ﺑ چ د ﻑ گ ق غ ه ح ﻫ ج ک خ ل م ن ُا پ ق ر س ص ش ت ط و و ی ز ژ 
dataset/Dataset/data/8192476/table_2|1|169|язык|A ΜΠ, Β Ξ TΣ̈ ΝΤ, Δ Δ ΤΖ Ε, ΑΙ Φ ΓΓ, ΓΚ, Γ Γ Η Η, Ι, Υ, ΕΙ, ΟΙ TZ̈ Ј,Ι Κ X Λ Μ Ν Ο, Ω Π Ψ Θ Ρ Σ Σ̈ Τ Θ ΤΣ ΟΥ, Υ B Ω Ξ, Χ Ψ Ζ Ζ̈ 
dataset/Dataset/data/8192476/table_2|2|169|язык|А Б Ч Д ДЗ Е, Э Ф Г, Ґ Ғ Х, Г, Һ И, І ДЖ, Џ, Й Й К Х Л,Љ М Н Ң О П Қ Р С Ш Щ, ШЧ Т Ц У В Й, Ы, И, Ј Я Е, Є Ї Ё Ю З Ж 
dataset/Dataset/data/8192476/table_2|4|169|язык|دَ, دَ, ﺍ — ﺎ, دَىا ﺏ ﺑ ﺒ ﺐ ﺩ — ﺪ, ﺽ ﺿ ﻀ ﺾ ﺫ — ﺬ ﻑ ﻓ ﻔ ﻒ ﻍ ﻏ ﻐ ﻎ ﻩ ﻫ ﻬ ﻪ, ﺡ ﺣ ﺤ ﺢ دِ دِي ﺝ ﺟ ﺠ ﺞ ﻙ ﻛ ﻜ ﻚ ﺥ ﺧ ﺨ ﺦ ﻝ ﻟ ﻠ ﻞ ﻡ ﻣ ﻤ ﻢ ﻥ ﻧ ﻨ ﻦ ﻕ ﻗ ﻘ ﻖ ﺭ — ﺮ ﺱ ﺳ ﺴ ﺲ, ﺹ ﺻ ﺼ ﺺ ﺵ ﺷ ﺸ ﺶ ﺕ ﺗ ﺘ ﺖ, ﻁ ﻃ ﻄ ﻂ ﺙ ﺛ ﺜ ﺚ دُ دُو ﻭ — ﻮ ﻱ ﻳ ﻴ ﻲ ﺯ — ﺰ, ﻅ ﻇ ﻈ ﻆ 
dataset/Dataset/data/8192476/table_2|7|169|язык|ㅏ ㅐ ㅂ ㅊ ㄷ ㅔ ㅓ ㅡ ㅢ ㄱ ㅎ ㅣ ㅈ ㅉ ㅋ ㄲ ㅁ ㄴ ㅗ ㅚ ㅍ ㅃ ㄹ ㅅ ㅆ ㅌ ㄸ ㅜ ㅘ ㅟ ㅝ ㅑ ㅕ ㅛ ㅠ 
dataset/Dataset/data/8192476/table_2|6|169|язык|ア チ エ フ ハ ヘ ヒ ホ イ カ ケ キ コ ク マ メ ミ モ ム ン ナ ネ ニ ノ ヌ オ ラ レ リ ロ ル サ セ シ ソ ス タ テ ト ツ ウ ワ ヱ ヰ ヲ ヤ ヨ ユ 
dataset/Dataset/data/8270336/table_1|3|169|язык|Пиджин-инглиш, ондо Английский Английский, пиджин-инглиш, эве Английский, сесото, зулу Английский Английский Арабский, итальянский Английский, сесото, африкаанс Французский, английский, рунди Английский английский, йоруба английский, хауса Шона, английский Чичева, соли, английский Лингала Английский Луганда Английский, пиджин-инглиш, французский Коса Английский Французский, пиджин-инглиш Английский, пиджин-инглиш, французский Коса Суахили, английский Зулу Французский Английский, Пиджин-инглиш Суахили, английский Кисуахили Английский, арабский пиджин 
dataset/Dataset/data/8349855/table_0|1|169|язык|Английский Французский Немецкий Итальянский Испанский Португальский Русский Арабский Турецкий Фарси Польский Украинский Греческий Венгерский Грузинский Албанский 
dataset/Dataset/data/851285/table_14|4|169|язык|Списокнем. 2009чеш. 2010 
dataset/Dataset/data/851285/table_17|4|169|язык|Списокпольск. 2006чеш. 2009 Списокнем. 2008 
dataset/Dataset/data/8522299/table_0|0|169|язык|Абхазский Африкаанс Алеутский Арабский Аварский Восточноармянский Чилкотин Чувашский Голландский Эякский Французский Немецкий Рутульский Хайда Иврит Кабардино-черкесский Кабильский Клаллам Лезгинский Oowekyala Не-персе Португальский Саанич Сери Испанский Тлингитский Убыхский Идиш 
dataset/Dataset/data/8522299/table_0|1|169|язык|Абхазский Африкаанс Диалект Аткан Ṣan‘ā’ni Аварский Восточноармянский Чилкотин Чувашский Северные диалекты Эякский Французский Немецкий Рутульский Хайда Иврит Кабардино-черкесский Кабильский Клаллам Лезгинский Oowekyala Не-персе Бразильский португальский Саанич Сери Испанский Тлингитский Убыхский Идиш 
dataset/Dataset/data/8608262/table_1|1|169|язык|Малайский, английский Дзонг-кэ Малаялам, английский Санскрит Индонезийский Инструментальный Инструментальный Персидский, английский Киргизский Арабский Английский 
dataset/Dataset/data/8608263/table_0|2|169|язык|Малайский Урду Персидский Тайский Английский Малайский Манипури Английский Английский Английский Корейский Английский 
dataset/Dataset/data/8608274/table_0|1|169|язык|Персидский Английский, вьетнамский Кантнонский Английский Индонезийский Казахский Корейский, английский Кантнонский Малайзийский Английский, мальдивский Турецкий Английский, японский 
dataset/Dataset/data/8708338/table_0|2|169|язык|Английский Английский Английский Английский Английский Английский Эстонский Английский Эстонский Английский Английский Эстонский Эстонский Английский Эстонский Эстонский Английский Английский Эстонский Эстонский Английский Английский Эстонский Английский 
dataset/Dataset/data/88797/table_0|1|169|язык|английский арабский испанский французский английский английский английский, русский 
dataset/Dataset/data/88797/table_1|1|169|язык|немецкий русский 
dataset/Dataset/data/8938304/table_0|1|169|язык|Batch fileCC#C++CSSClojureCoffeeScriptDiffDockerfileF#Git commit и rebaseGoGroovyHLSLHTMLHandlebarsINIJSONJavaJavaScriptJavaScript ReactLESS (язык стилей)LuaMakefileMarkdownObjective-CObjective-C++PHPPerlPerl 6PowerShell CSSHTMLJavaScriptJSONLessSassTypeScript C#TypeScript JavaScript и TypeScript для проектов Node.js C# и F# для проектов .NET и Mono С и C++ Python (при установленном плагине Python) PHP c XDebug (при установленном плагине PHP Debug) Java (при установленном наборе плагинов Java Extension Pack или отдельно установленном Debugger for Java) 
dataset/Dataset/data/906823/table_0|0|169|язык|Къхонг Чъабский 
dataset/Dataset/data/906868/table_0|0|169|язык|Сесото Къхонг Зулу 
dataset/Dataset/data/913924/table_0|0|169|язык|Английский Африкаанс Албанский Арабский Армянский (восточный) Армянский (западный) Ассамский Бретонский Болгарский Каталанский Корнский Датский Эсперанто Финский[прим. 1] Французский Немецкий Греческий Гавайский Иврит Нидерландский Венгерский Исландский Интерлингва Ирландский Итальянский Кхаси Центральнокурдский (сорани) Люксембургский Македонский Мэнский Норвежский(букмол) Норвежский(нюнорск) Португальский Квенья Румынский Шотландский (германский) Шотландский (кельтский) Синдарин Испанский Шведский Валлийский Идиш 
dataset/Dataset/data/98045/table_2|2|169|язык|ကို (kò) ညီ (ɲì) မောင် (màʊɴ) မ (ma̰) ညီမ (ɲì ma̰) 
dataset/Dataset/data/989799/table_0|2|169|язык|Un Americano a Roma Le Avventure di Giacomo Casanova La Catena dell’odio The Tonight Show Starring Johnny Carson Dr. No Fun in Acapulco 4 for Texas La Decima vittima Les Tribulations d’un chinois en Chine Nightmare in the Sun She What’s New Pussycat The Blue Max Once Before I Die Welcome to Japan, Mr. Bond Le Dolci signore Casino Royale The Southern Star Perfect Friday Soleil rouge Последний шанс / L’Ultima chance Due cuori, una cappella Colpo in canna L’Infermiera Spogliamoci così senza pudor Africa Express Le Avventure e gli amori di Scaramouche Safari Express The Love Boat Doppio delitto La Montagna del dio cannibale Letti selvaggi The Fifth Musketeer Bob Hope’s Overseas Christmas Tours: Around the World with the Troops — 1941—1972 Clash of the Titans Falcon Crest Women I Love: Beautiful But Funny The Legend of Walks Far Woman Manimal Manimal Liberté, égalité, choucroute Peter the Great Klassäzämekunft Man Against the Mob: The Chinatown Murders Hollywood on Horses Professore — Diva, Il The 1993 World Music Awards Fantaghirò 3 Fantaghirò 4 Alles gelogen Cremaster 5 So Graham Norton Ken Adam: Designing Bond Friday Night with Jonathan Ross V Graham Norton James Bond: A BAFTA Tribute Die Vogelpredigt Marcello, una vita dolce 
dataset/Dataset/data/989799/table_0|1|169|язык|Американец в Риме Приключения Джакомо Казановы Вечернее шоу Джонни Карсона Доктор Ноу Веселье в Акапулько Четверо из Техаса Десятая жертва Злоключения китайца в Китае Она Что нового, кошечка? Голубой Макс Однажды, прежде чем я умру Нежные синьоры Казино «Рояль» Южная звезда Идеальная пятница для преступления Красное солнце Глупые попки и горячие трусишки Скарамуш Лодка любви Двойное убийство Бог людоедов Дикие постели Пятый мушкетёр Битва титанов Фэлкон Крест Красные колокола Пётр Великий Один против мафии: Убийства в китайском квартале Пещера золотой розы 3 Пещера золотой розы 4 Кремастер 5 В пятницу вечером с Джонатан Росс Шоу Грехэма Нортона Марчелло, одна сладкая жизнь Бельмондо глазами Бельмондо 
